{
  "train_loss": [
    0.09216449822825754,
    0.020764426231965862,
    0.016206824924366526,
    0.01618386790738932,
    0.011898601322126858,
    0.009422813436179274,
    0.012474874380822705,
    0.00788077460875772,
    0.009130345376253615,
    0.007612963765503481,
    0.00760949224524113,
    0.00584457935440577,
    0.005685826622880565,
    0.0055421676875948254,
    0.005478229003540635,
    0.005854109687397449,
    0.006292263750393174,
    0.004098889385891447,
    0.004556713925307936,
    0.004893114864628416,
    0.0025725684372292766,
    0.005390262118033183,
    0.004611275943367249,
    0.0029203341194756196,
    0.0031442622114565954,
    0.005041388635691118,
    0.0048192452400432064,
    0.0028390411522341615,
    0.005649884648320895,
    0.0031321775661610125,
    0.0022383608243006104,
    0.0032389289733418605
  ],
  "val_loss": [
    0.01435711597865921,
    0.011578008718985938,
    0.011766728142254702,
    0.018491429855388004,
    0.00656013540386901,
    0.009817736103718359,
    0.01289663338117199,
    0.011579450751199502,
    0.006667485916681225,
    0.009725596519274404,
    0.008344123066632103,
    0.007368937815538059,
    0.013350347918970067,
    0.005632280784284684,
    0.006471357156766255,
    0.015277794653167988,
    0.004523043836821147,
    0.005739725925704372,
    0.013884082745851444,
    0.006444072921482784,
    0.009061536520251955,
    0.0039186816593428375,
    0.004092148311166843,
    0.0031719087485618143,
    0.003884713148566997,
    0.002915746564382462,
    0.003339309702130129,
    0.01089701468518504,
    0.010235528926186508,
    0.003435676100245042,
    0.006441347694524635,
    0.005852964803857581
  ],
  "train_acc": [
    0.9787051687763713,
    0.9936708860759493,
    0.9946598101265823,
    0.9968354430379747,
    0.9967035864978903,
    0.9966376582278481,
    0.9963080168776371,
    0.9976925105485233,
    0.9974947257383966,
    0.997626582278481,
    0.9978243670886076,
    0.9985495780590717,
    0.9981540084388185,
    0.9983517932489452,
    0.9986155063291139,
    0.9986155063291139,
    0.9982199367088608,
    0.9991429324894515,
    0.9988792194092827,
    0.9986814345991561,
    0.9992747890295358,
    0.9986814345991561,
    0.9987473628691983,
    0.9993407172995781,
    0.9992747890295358,
    0.9986155063291139,
    0.9988792194092827,
    0.9990110759493671,
    0.9988132911392406,
    0.9990770042194093,
    0.9994066455696202,
    0.9988792194092827
  ],
  "val_acc": [
    0.9952330508474576,
    0.9960275423728814,
    0.996292372881356,
    0.9933792372881356,
    0.9978813559322034,
    0.9973516949152542,
    0.9957627118644068,
    0.996822033898305,
    0.9978813559322034,
    0.996822033898305,
    0.9973516949152542,
    0.9978813559322034,
    0.996292372881356,
    0.9984110169491526,
    0.9970868644067796,
    0.996822033898305,
    0.998146186440678,
    0.9984110169491526,
    0.9957627118644068,
    0.9978813559322034,
    0.9978813559322034,
    0.9994703389830508,
    0.9992055084745762,
    0.9992055084745762,
    0.9989406779661016,
    0.9994703389830508,
    0.9992055084745762,
    0.9970868644067796,
    0.996822033898305,
    0.9992055084745762,
    0.998146186440678,
    0.9986758474576272
  ],
  "epoch_time": [
    14.838738203048706,
    14.283183574676514,
    15.203410863876343,
    14.221895694732666,
    14.235088348388672,
    14.40326714515686,
    15.186939716339111,
    14.020008087158203,
    13.949284553527832,
    14.454444408416748,
    15.757306337356567,
    14.640406608581543,
    14.648836851119995,
    14.518796443939209,
    15.728314876556396,
    14.362406015396118,
    14.615882396697998,
    14.772494554519653,
    14.774951696395874,
    14.457493782043457,
    14.482507228851318,
    15.493635416030884,
    14.476987361907959,
    14.39287805557251,
    14.504454612731934,
    16.537371158599854,
    14.505886554718018,
    14.566953897476196,
    15.28809380531311,
    14.51954436302185,
    14.268709897994995,
    14.377278804779053
  ]
}