{
  "train_loss": [
    0.336646,
    0.31993,
    0.30422,
    0.292255,
    0.279897,
    0.26633,
    0.256153,
    0.245624,
    0.234419,
    0.224026,
    0.213786,
    0.205977,
    0.198686,
    0.188938,
    0.183093,
    0.17474,
    0.167684,
    0.161341,
    0.156372,
    0.148982,
    0.144361,
    0.138244,
    0.132994,
    0.128333,
    0.123963,
    0.120024,
    0.11607,
    0.111843,
    0.10622,
    0.102607,
    0.0991,
    0.095383,
    0.091688,
    0.088663,
    0.085666,
    0.082203,
    0.079613,
    0.075499,
    0.071745,
    0.068638,
    0.067491,
    0.06431,
    0.061596,
    0.060038,
    0.058333,
    0.0559,
    0.054052,
    0.052382,
    0.049732,
    0.047561,
    0.044915,
    0.043056,
    0.041974,
    0.040507,
    0.039191,
    0.037843,
    0.036363,
    0.035413,
    0.034952,
    0.032711,
    0.032138,
    0.031408,
    0.030271,
    0.029514,
    0.029419,
    0.028457,
    0.027629,
    0.026923,
    0.025691,
    0.025409,
    0.025231,
    0.024659,
    0.023667,
    0.022479,
    0.020915,
    0.020676,
    0.01969,
    0.018797,
    0.018537,
    0.017703,
    0.016662,
    0.016102,
    0.015861,
    0.015589,
    0.014265,
    0.013581,
    0.013362,
    0.013281,
    0.012039,
    0.010953,
    0.011168,
    0.010174,
    0.010083,
    0.009953,
    0.009015,
    0.009237,
    0.0088,
    0.008991,
    0.0087,
    0.0087
  ],
  "val_loss": [
    0.373189,
    0.358032,
    0.344275,
    0.334199,
    0.319037,
    0.31039,
    0.301251,
    0.292404,
    0.280703,
    0.272007,
    0.265261,
    0.253881,
    0.245858,
    0.235776,
    0.228507,
    0.220517,
    0.214318,
    0.207785,
    0.200904,
    0.19757,
    0.190893,
    0.183734,
    0.189737,
    0.18302,
    0.175733,
    0.171055,
    0.166855,
    0.161929,
    0.157624,
    0.152133,
    0.146826,
    0.141612,
    0.138292,
    0.132915,
    0.128609,
    0.124248,
    0.117715,
    0.114213,
    0.111487,
    0.107924,
    0.103073,
    0.100005,
    0.097745,
    0.09362,
    0.090602,
    0.086333,
    0.09057,
    0.088722,
    0.086902,
    0.083582,
    0.081808,
    0.078553,
    0.074147,
    0.070726,
    0.068256,
    0.065809,
    0.062666,
    0.05951,
    0.057174,
    0.054418,
    0.052032,
    0.051013,
    0.048496,
    0.04592,
    0.043019,
    0.041057,
    0.038713,
    0.039838,
    0.037647,
    0.034864,
    0.033258,
    0.033681,
    0.031822,
    0.030107,
    0.028851,
    0.028237,
    0.026533,
    0.026238,
    0.024711,
    0.024748,
    0.024277,
    0.023787,
    0.021611,
    0.021097,
    0.021019,
    0.021557,
    0.021522,
    0.020938,
    0.018329,
    0.016979,
    0.015509,
    0.013968,
    0.013736,
    0.013755,
    0.013742,
    0.012762,
    0.01244,
    0.011775,
    0.011806,
    0.0112
  ],
  "epoch_time": [
    3.06,
    2.14,
    2.94,
    2.11,
    3.34,
    2.88,
    2.59,
    2.85,
    2.2,
    2.57,
    2.94,
    2.59,
    3.2,
    2.45,
    2.95,
    2.42,
    2.62,
    2.16,
    2.18,
    3.22,
    2.45,
    3.34,
    3.29,
    2.3,
    2.1,
    3.18,
    2.21,
    2.27,
    2.65,
    2.51,
    2.26,
    2.39,
    3.22,
    2.27,
    3.15,
    2.71,
    2.62,
    2.68,
    2.68,
    3.19,
    2.73,
    3.38,
    3.34,
    2.49,
    2.17,
    3.35,
    2.41,
    2.91,
    2.37,
    2.49,
    3.4,
    3.31,
    3.18,
    2.11,
    2.27,
    2.89,
    2.74,
    2.46,
    3.06,
    3.25,
    2.29,
    3.22,
    3.11,
    3.31,
    2.13,
    3.22,
    3.23,
    2.5,
    2.53,
    2.62,
    3.36,
    2.66,
    2.6,
    3.3,
    2.57,
    3.2,
    2.62,
    2.98,
    2.1,
    2.7,
    3.13,
    2.54,
    2.36,
    2.19,
    2.74,
    3.1,
    2.77,
    3.14,
    3.26,
    2.81,
    2.42,
    2.46,
    2.8,
    2.18,
    2.65,
    3.1,
    3.21,
    2.88,
    2.54,
    2.27
  ]
}