{
  "train_loss": [
    0.655365,
    0.62002,
    0.5799,
    0.551368,
    0.526555,
    0.499625,
    0.466228,
    0.44253,
    0.420617,
    0.398297,
    0.377293,
    0.356545,
    0.335406,
    0.318823,
    0.302143,
    0.287098,
    0.268927,
    0.251742,
    0.239475,
    0.227982,
    0.212512,
    0.201067,
    0.19047,
    0.1823,
    0.1823,
    0.1823,
    0.1823,
    0.1823,
    0.1823,
    0.1823,
    0.1823,
    0.1823,
    0.1823,
    0.1823,
    0.1823,
    0.1823,
    0.1823,
    0.1823,
    0.1823,
    0.1823,
    0.1823,
    0.1823,
    0.1823,
    0.1823,
    0.1823,
    0.1823,
    0.1823,
    0.1823,
    0.1823,
    0.1823
  ],
  "val_loss": [
    0.64889,
    0.608914,
    0.57431,
    0.540602,
    0.510192,
    0.489142,
    0.465534,
    0.437227,
    0.419352,
    0.40214,
    0.382307,
    0.358614,
    0.338626,
    0.317509,
    0.300328,
    0.284847,
    0.272397,
    0.270749,
    0.254381,
    0.242305,
    0.230918,
    0.218741,
    0.2156,
    0.2156,
    0.2156,
    0.2156,
    0.2156,
    0.2156,
    0.2156,
    0.2156,
    0.2156,
    0.22638,
    0.2156,
    0.2156,
    0.2156,
    0.2156,
    0.2156,
    0.2156,
    0.2156,
    0.2156,
    0.2156,
    0.2156,
    0.2156,
    0.2156,
    0.2156,
    0.2156,
    0.2156,
    0.2156,
    0.2156,
    0.2156
  ],
  "train_acc": [
    0.5121,
    0.524,
    0.5405,
    0.5467,
    0.5614,
    0.5694,
    0.5829,
    0.597,
    0.6036,
    0.6146,
    0.6211,
    0.6409,
    0.6534,
    0.6729,
    0.6889,
    0.7011,
    0.7186,
    0.7327,
    0.7409,
    0.7501,
    0.7624,
    0.7793,
    0.793,
    0.803,
    0.8109,
    0.8191,
    0.8283,
    0.8336,
    0.849,
    0.8626,
    0.8817,
    0.8962,
    0.9161,
    0.9245,
    0.9443,
    0.96,
    0.96,
    0.96,
    0.96,
    0.96,
    0.96,
    0.96,
    0.96,
    0.96,
    0.96,
    0.96,
    0.96,
    0.96,
    0.96,
    0.96
  ],
  "val_acc": [
    0.5087,
    0.5123,
    0.5198,
    0.5231,
    0.5354,
    0.5387,
    0.5443,
    0.5563,
    0.5596,
    0.5712,
    0.5834,
    0.5958,
    0.6029,
    0.6135,
    0.6281,
    0.6364,
    0.6404,
    0.635,
    0.6476,
    0.6507,
    0.6628,
    0.6669,
    0.6756,
    0.687,
    0.6914,
    0.7003,
    0.7045,
    0.7139,
    0.7184,
    0.727,
    0.7357,
    0.7246,
    0.729,
    0.7383,
    0.745,
    0.7505,
    0.7544,
    0.7601,
    0.7742,
    0.7823,
    0.7862,
    0.7926,
    0.8016,
    0.8085,
    0.8184,
    0.8219,
    0.8271,
    0.8343,
    0.8456,
    0.854
  ],
  "epoch_time": [
    1.22,
    1.54,
    1.88,
    1.69,
    1.79,
    1.34,
    1.83,
    1.3,
    1.48,
    1.27,
    1.97,
    1.51,
    1.96,
    1.95,
    1.44,
    1.86,
    1.99,
    1.23,
    1.51,
    2.05,
    1.82,
    1.4,
    1.68,
    1.44,
    1.68,
    1.85,
    1.37,
    1.45,
    1.98,
    1.6,
    1.94,
    1.33,
    1.89,
    1.61,
    1.76,
    1.39,
    1.2,
    1.84,
    1.91,
    1.69,
    1.35,
    1.31,
    1.64,
    1.43,
    2.06,
    1.88,
    1.73,
    1.5,
    1.46,
    1.48
  ]
}