{
  "train_loss": [
    0.11054709470934337,
    0.062137353199499624,
    0.04834464592514215,
    0.046913747434262874,
    0.04681316211267754,
    0.04003284147216214,
    0.034478465716044106,
    0.03409489568460871,
    0.03376523212150291,
    0.033602357738547854,
    0.03358970299639084,
    0.03302222849042327,
    0.032888328104659366,
    0.03259883558860532,
    0.03197462946452476,
    0.029227639927908226,
    0.026473425949613254,
    0.02528642262849543,
    0.02521642207823418,
    0.02455334986249606,
    0.02409354818088037,
    0.02409482043650415,
    0.023899158324908326,
    0.02392604464182147,
    0.017200836946290952,
    0.011662887961224274,
    0.010832254188480201,
    0.010835203583593722,
    0.010887558985915449,
    0.010495636163762322,
    0.010701856886347135,
    0.010354958198688648,
    0.010440866842314048,
    0.010323293783046581,
    0.010255434343384372,
    0.010355326588507052,
    0.010139071486062474,
    0.010150194961439681,
    0.010013711983682934,
    0.010031951384411918,
    0.010026701105137667,
    0.009948181816273265,
    0.009880737367051619,
    0.00999834143591148,
    0.009750970035653424,
    0.009846350557550235,
    0.009887982056372695,
    0.009853725666525188,
    0.00955301304175346,
    0.009619609866705205,
    0.009575720945442165,
    0.009469964851935705
  ],
  "val_loss": [
    0.06015968881547451,
    0.03549145037929217,
    0.03556018384794394,
    0.034695601711670555,
    0.03535881514350573,
    0.026473399251699448,
    0.026664830123384792,
    0.025979140773415565,
    0.026101619626084965,
    0.02629115122059981,
    0.02670869929715991,
    0.026126463587085407,
    0.025928081944584846,
    0.0256937217588226,
    0.023795764582852524,
    0.020602160909523565,
    0.019003996315101784,
    0.018708938732743263,
    0.01834853955854972,
    0.01837532517189781,
    0.018385019929458696,
    0.01832817029207945,
    0.018114688340574503,
    0.018159579019993544,
    0.009912228444591165,
    0.008854805957525969,
    0.008845336890468994,
    0.009239714515085021,
    0.008781893489261469,
    0.008627643420671424,
    0.008852392202243209,
    0.008680271683260798,
    0.008747474988922477,
    0.008856082955996195,
    0.008715516965215405,
    0.008846454710389176,
    0.00852634998348852,
    0.008945247391238809,
    0.008714334573596716,
    0.008869280262539784,
    0.009006132138893008,
    0.00885240912126998,
    0.008831435271228353,
    0.008915371261537075,
    0.008996303503712019,
    0.00893797081274291,
    0.008895311815043291,
    0.008915307776381573,
    0.008805584317694107,
    0.008853316307067871,
    0.008926755593468746,
    0.00891978177241981
  ],
  "epoch_time": [
    6.341568231582642,
    4.747048854827881,
    4.61594820022583,
    5.373043060302734,
    4.740675210952759,
    5.50421404838562,
    4.70947790145874,
    5.607873439788818,
    4.850839376449585,
    5.276910305023193,
    5.120781660079956,
    4.925765514373779,
    5.61843204498291,
    4.50907826423645,
    5.628087282180786,
    4.618761777877808,
    5.8254075050354,
    4.8722100257873535,
    5.204997301101685,
    4.986250877380371,
    4.797506332397461,
    5.373433589935303,
    4.679440259933472,
    5.725543975830078,
    4.9002344608306885,
    5.188860654830933,
    4.829714298248291,
    4.714558362960815,
    6.0538835525512695,
    4.866792917251587,
    5.700554847717285,
    4.486547470092773,
    5.627574920654297,
    4.58642840385437,
    5.3083600997924805,
    5.366667747497559,
    4.6549787521362305,
    5.2552618980407715,
    4.8367063999176025,
    5.375085830688477,
    4.474454879760742,
    5.284392356872559,
    5.390818119049072,
    4.578495502471924,
    5.364247560501099,
    4.900860071182251,
    5.725256681442261,
    5.072183609008789,
    5.687999248504639,
    4.847352743148804,
    5.10262131690979,
    4.782364845275879
  ]
}